function, time (s), memory (MB), number of sequences, length
input_miniali, 2.2816290259361267, 50.369140625, 2589, 1113
input_miniali, 0.4088914394378662, 10.361328125, 774, 107
input_miniali, 0.6885961890220642, 10.0576171875, 1183, 356
input_miniali, 1.0508984923362732, 17.3681640625, 2195, 398
input_miniali, 5.115642309188843, 58.427734375, 2489, 2986
input_miniali, 2.5837551951408386, 57.5205078125, 3127, 1027
input_miniali, 0.7045932412147522, 9.9970703125, 1086, 399
input_miniali, 0.3513280749320984, 10.650390625, 499, 110
input_miniali, 1.31135755777359, 16.28515625, 1379, 899
input_miniali, 10.704369187355042, 118.2412109375, 6288, 2432
input_miniali, 7.102725803852081, 80.6982421875, 4358, 2378
input_miniali, 3.9825587272644043, 60.56640625, 7367, 640
input_miniali, 1.9994149208068848, 22.6396484375, 3348, 701
input_miniali, 4.014984369277954, 54.8212890625, 5732, 901
input_miniali, 1.1702985763549805, 19.5732421875, 837, 1383
