function, time (s), memory (MB), number of sequences, length
insertions, 8.141541182994843, 14.021484375, 2589, 1113
insertions, 0.2401944398880005, 0.33984375, 774, 107
insertions, 1.7716366052627563, 1.4755859375, 1183, 356
insertions, 3.290560007095337, 5.2919921875, 2195, 398
insertions, 52.052912294864655, 46.2099609375, 2489, 2986
insertions, 13.527438163757324, 13.3193359375, 3127, 1027
insertions, 1.8841743469238281, 2.986328125, 1086, 399
insertions, 0.1243436336517334, 0.2177734375, 499, 110
insertions, 6.467258989810944, 2.1533203125, 1379, 899
insertions, 89.9201951622963, 0.2978515625, 6288, 2432
insertions, 60.99532198905945, 0.1953125, 4358, 2378
insertions, 16.53225165605545, 17.7138671875, 7367, 640
insertions, 8.375901401042938, 10.498046875, 3348, 701
insertions, 20.668054044246674, 31.9033203125, 5732, 901
insertions, 5.880568504333496, 1.9658203125, 837, 1383
