function, time (s), memory (MB), number of sequences, length
gap_only, 0.03817564249038696, 11.099609375, 2589, 1113
gap_only, 0.0017164945602416992, 0.25390625, 774, 107
gap_only, 0.006385087966918945, 1.8046875, 1183, 356
gap_only, 0.012223422527313232, 3.3515625, 2195, 398
gap_only, 0.09719312191009521, 28.373046875, 2489, 2986
gap_only, 0.04514354467391968, 12.259765625, 3127, 1027
gap_only, 0.006322383880615234, 1.8046875, 1086, 399
gap_only, 0.0012355446815490723, 0.3271484375, 499, 110
gap_only, 0.017631173133850098, 4.640625, 1379, 899
gap_only, 0.2052059769630432, 58.330078125, 6288, 2432
gap_only, 0.14598625898361206, 39.703125, 4358, 2378
gap_only, 0.06514495611190796, 17.7890625, 7367, 640
gap_only, 0.03127741813659668, 9.0234375, 3348, 701
gap_only, 0.07243579626083374, 19.8515625, 5732, 901
gap_only, 0.014883279800415039, 4.3828125, 837, 1383
