function, time (s), memory (MB), number of sequences, length
short, 0.03573477268218994, 10.9375, 2589, 1113
short, 0.00123518705368042, 0.0, 774, 107
short, 0.004493236541748047, 1.6318359375, 1183, 356
short, 0.009167313575744629, 3.4384765625, 2195, 398
short, 0.09579724073410034, 28.181640625, 2489, 2986
short, 0.041211724281311035, 12.2001953125, 3127, 1027
short, 0.004701018333435059, 1.615234375, 1086, 399
short, 0.000914156436920166, 0.0, 499, 110
short, 0.014530718326568604, 4.7412109375, 1379, 899
short, 0.210645854473114, 58.091796875, 6288, 2432
short, 0.14027786254882812, 39.013671875, 4358, 2378
short, 0.06737661361694336, 17.8857421875, 7367, 640
short, 0.027287304401397705, 6.70703125, 3348, 701
short, 0.06535285711288452, 19.548828125, 5732, 901
short, 0.013925254344940186, 3.9296875, 837, 1383
